location,salary_min,salary_max,category,company
"Bangalore, Karnataka",,,IT Jobs,Skills Agency
"Bangalore, Karnataka",50000.0,1200000.0,IT Jobs,Time Hack Consulting
"Vidyaranyapura, Bangalore",,,IT Jobs,TalentOla
"Richmond Town, Bangalore",100000.0,3800000.0,IT Jobs,Trigent Software Private Limited
"Bangalore, Karnataka",,,IT Jobs,Smiths Detection
"Bangalore, Karnataka",,,IT Jobs,Renesas Electronics
"Bangalore, Karnataka",,,IT Jobs,Amicus Therapeutics
"Bangalore, Karnataka",,,IT Jobs,Amicus India
"Bangalore, Karnataka",500000.0,1000000.0,IT Jobs,Namaste Credit
"Bangalore, Karnataka",,,IT Jobs,Intelliatx Therapeutics
"Bangalore, Karnataka",1200000.0,1400000.0,IT Jobs,Multi Recruit
"Bangalore, Karnataka",1200000.0,1500000.0,IT Jobs,Sadup Softech
"Bangalore, Karnataka",500000.0,1500000.0,IT Jobs,Multi Recruit
"Bangalore, Karnataka",,,IT Jobs,Wissen Technology
"Bangalore, Karnataka",,,IT Jobs,Graphene Services Pte Ltd
"Bangalore, Karnataka",,,IT Jobs,Cytiva Life Science
"Bangalore, Karnataka",0.0,500000.0,IT Jobs,Jobdost
"Bangalore, Karnataka",,,IT Jobs,EXL
"Bangalore, Karnataka",400000.0,700000.0,IT Jobs,Awign
"Bangalore, Karnataka",,,IT Jobs,Wissen Technology
"Bangalore, Karnataka",,,IT Jobs,NatWest Markets
"Bangalore, Karnataka",,,IT Jobs,Genisys Information Systems India Private Limited
"Bangalore, Karnataka",0.0,1600000.0,IT Jobs,BitClass
"Bangalore, Karnataka",0.0,800000.0,IT Jobs,Amazon
"Bangalore, Karnataka",,,IT Jobs,Cisco Systems
"Bangalore, Karnataka",,,IT Jobs,Stellaspire
"Bangalore, Karnataka",,,IT Jobs,Technogen
"Bangalore, Karnataka",,,IT Jobs,Immunogen Pharmaceutical
"Bangalore, Karnataka",1000000.0,2000000.0,IT Jobs,Amagi Media Labs
"Bangalore, Karnataka",1000000.0,1400000.0,IT Jobs,Amagi Media Labs
"Bangalore, Karnataka",,,IT Jobs,Tradeweb Markets
"Bangalore, Karnataka",,,IT Jobs,Tradeweb
"Bangalore, Karnataka",,,IT Jobs,Coupand
"Bangalore, Karnataka",,,IT Jobs,Barracuda Networks
"Bangalore, Karnataka",0.0,1500000.0,IT Jobs,Marktine
"Bangalore, Karnataka",,,Scientific & QA Jobs,Intercept Pharmaceuticals
"Bangalore, Karnataka",100000.0,1500000.0,IT Jobs,Indium Software
"Bangalore, Karnataka",300000.0,1200000.0,IT Jobs,Ingrainhub
"Bangalore, Karnataka",300000.0,600000.0,IT Jobs,Dotball Interactive Private Limited
"Bangalore, Karnataka",500000.0,2100000.0,IT Jobs,zyoin
"Bangalore, Karnataka",0.0,1500000.0,IT Jobs,CIEL HR Services
"Bangalore, Karnataka",1000000.0,3000000.0,IT Jobs,Talent500 by ANSR
"Bangalore, Karnataka",700000.0,1200000.0,IT Jobs,Yulu Bikes
"Bangalore, Karnataka",500000.0,800000.0,IT Jobs,Rocket Kommerce
"Bangalore, Karnataka",800000.0,1100000.0,IT Jobs,Peak Hire Solutions
"Bangalore, Karnataka",100000.0,100000.0,IT Jobs,Fisdom
"Bangalore, Karnataka",650000.0,850000.0,IT Jobs,Multi Recruit
"Bangalore, Karnataka",,,IT Jobs,Tessolve Semiconductor Private Limited
"Bangalore, Karnataka",300000.0,500000.0,IT Jobs,Tap Invest
"Bangalore, Karnataka",,,IT Jobs,EXL
"Bangalore, Karnataka",,,IT Jobs,Clarivate
"Bangalore, Karnataka",,,Engineering Jobs,Cisco
"Bangalore, Karnataka",,,IT Jobs,Cuculus
"Ramakrishna Hegde Nagar, Bangalore",,,IT Jobs,Cuculus GmbH
"Bangalore, Karnataka",,,IT Jobs,Techcom Solutions India Private Limited
"Bangalore, Karnataka",,,Engineering Jobs,Cisco
"Bangalore, Karnataka",,,IT Jobs,Tech Smcsquared Gcc
"Bangalore, Karnataka",,,IT Jobs,Recro
"Bangalore, Karnataka",,,IT Jobs,
"Naduvathi, Bangalore",,,IT Jobs,"Opalforce, Inc."
"Richmond Town, Bangalore",1600000.0,1600000.0,IT Jobs,Trigent Software Private Limited
"Bangalore, Karnataka",,,IT Jobs,YO AI Labs
"Bangalore, Karnataka",2500000.0,4000000.0,IT Jobs,Masai
"Richmond Town, Bangalore",1900000.0,2000000.0,Engineering Jobs,Acme Services Private Limited
"Hoodi, Bangalore",,,IT Jobs,Telradsol
"Bangalore, Karnataka",,,IT Jobs,Kamakhya Analytics Private Limited
"Bangalore, Karnataka",,,IT Jobs,Lead India
"Bangalore, Karnataka",600000.0,1500000.0,IT Jobs,Multi Recruit
"Bangalore, Karnataka",,,IT Jobs,Capco
"Bangalore, Karnataka",,,IT Jobs,Innovexis
"Bangalore, Karnataka",1000000.0,1800000.0,IT Jobs,NeoGenCode Technologies Pvt Ltd
"Bangalore, Karnataka",,,IT Jobs,Capco
"Bangalore, Karnataka",,,IT Jobs,Ipsos
"Bangalore, Karnataka",,,IT Jobs,Sigmoid
"Bangalore, Karnataka",,,IT Jobs,Honeywell
"Bangalore, Karnataka",,,IT Jobs,Honeywell
"Bangalore, Karnataka",,,IT Jobs,Albertsons Companies India
"Bangalore, Karnataka",,,IT Jobs,EXL
"Bangalore, Karnataka",,,IT Jobs,Honeywell
"Bangalore, Karnataka",,,IT Jobs,Honeywell
"Bangalore, Karnataka",,,IT Jobs,EXL
"Bangalore, Karnataka",,,IT Jobs,Rockwell Automation
"Bangalore, Karnataka",,,IT Jobs,EXL
"Bangalore, Karnataka",,,IT Jobs,Okta
"Bangalore, Karnataka",,,IT Jobs,Okta
"Bangalore, Karnataka",,,IT Jobs,Myntra
"Bangalore, Karnataka",,,IT Jobs,Arcana Analytics
"Bangalore, Karnataka",,,IT Jobs,Plum Benefits
"Bangalore, Karnataka",,,IT Jobs,Officeworks
"Bangalore, Karnataka",,,IT Jobs,Hevo Data
"Bangalore, Karnataka",,,IT Jobs,Clarivate
"Bangalore, Karnataka",,,IT Jobs,Kaseya Careers
"Bangalore, Karnataka",,,IT Jobs,Flexera Software
"Bangalore, Karnataka",,,IT Jobs,ThermoFisher Scientific
"Bangalore, Karnataka",,,IT Jobs,Kyndryl
"Bangalore, Karnataka",2500000.0,3000000.0,IT Jobs,Multi Recruit
"Bangalore, Karnataka",,,IT Jobs,Flexera Software
"Bangalore, Karnataka",,,IT Jobs,Okta
"Bangalore, Karnataka",,,IT Jobs,SurveyMonkey
"Bangalore, Karnataka",,,IT Jobs,Google
"Bangalore, Karnataka",,,IT Jobs,Target
"Bangalore, Karnataka",,,IT Jobs,TRG Screen
"Bangalore, Karnataka",,,Accounting & Finance Jobs,ADM
"Kenchanahalli, Bangalore",,,IT Jobs,Allen Online
"Bangalore, Karnataka",,,IT Jobs,Whitecrow
"Bangalore, Karnataka",1500000.0,1800000.0,IT Jobs,Qrata
"Bangalore, Karnataka",2000000.0,4000000.0,IT Jobs,wrackle
"Bangalore, Karnataka",,,Accounting & Finance Jobs,Uplers
"Bangalore, Karnataka",,,IT Jobs,Harness
"Bangalore, Karnataka",,,IT Jobs,Capco
"Bangalore, Karnataka",500000.0,1000000.0,IT Jobs,Connect and Heal Primary Care Pvt Ltd
"Bangalore, Karnataka",,,IT Jobs,Unacademy
"Bangalore, Karnataka",,,IT Jobs,Multiplier Technologies
"Bangalore, Karnataka",,,IT Jobs,Flexera Software
"Bangalore, Karnataka",,,IT Jobs,BMW TechWorks India
"Bangalore, Karnataka",,,Sales Jobs,Honeywell
"Bangalore, Karnataka",,,IT Jobs,Taylor and Francis
"Bangalore, Karnataka",,,IT Jobs,NatWest Markets
"Bangalore, Karnataka",,,IT Jobs,Capco
"Bangalore, Karnataka",,,IT Jobs,NatWest Markets
"Bangalore, Karnataka",500000.0,800000.0,IT Jobs,Qrata
"Bangalore, Karnataka",,,IT Jobs,The Search House
"Bangalore, Karnataka",500000.0,1500000.0,Accounting & Finance Jobs,Unnati
"Bangalore, Karnataka",,,IT Jobs,Assurant
"Bangalore, Karnataka",,,IT Jobs,Payoneer
"Bangalore, Karnataka",,,Engineering Jobs,Metropolis
"Bangalore, Karnataka",,,IT Jobs,3M
"Bangalore, Karnataka",,,IT Jobs,Nium
"Bangalore, Karnataka",,,IT Jobs,TE Connectivity
"Bangalore, Karnataka",,,IT Jobs,Okta
"Bangalore, Karnataka",,,IT Jobs,TRG Screen
"Bangalore, Karnataka",,,IT Jobs,Headout
"Bangalore, Karnataka",1200000.0,1500000.0,IT Jobs,TIGI HR Solution Pvt. Ltd.
"Bangalore, Karnataka",,,Accounting & Finance Jobs,First Citizens Bank
"Bangalore, Karnataka",,,IT Jobs,Starz Infotech
"Bangalore, Karnataka",,,IT Jobs,People First Consultants
"Bangalore, Karnataka",2000000.0,2500000.0,IT Jobs,Codejudge
"Bangalore, Karnataka",,,IT Jobs,Brillio
"Bangalore, Karnataka",,,IT Jobs,Clarivate
"Bangalore, Karnataka",,,IT Jobs,Cargill
"Bangalore, Karnataka",,,IT Jobs,Danaher Corporation
"Bangalore, Karnataka",,,Engineering Jobs,Schneider Electric
"Bangalore, Karnataka",,,IT Jobs,Brillio
"Bangalore, Karnataka",,,IT Jobs,Mantras2Success
"Bangalore, Karnataka",,,IT Jobs,Testsigma
"Bangalore, Karnataka",,,IT Jobs,EXL
"Bangalore, Karnataka",,,IT Jobs,Volvo Group India Private Limited
"Bangalore, Karnataka",,,IT Jobs,KPIT Technologies Limited
"Bangalore, Karnataka",750000.0,1800000.0,IT Jobs,Fragma Data Systems
"Bangalore, Karnataka",,,IT Jobs,News Corp
"Bangalore, Karnataka",,,IT Jobs,onsemi
"Bangalore, Karnataka",,,Consultancy Jobs,J&J Family of Companies
"Bangalore, Karnataka",,,"PR, Advertising & Marketing Jobs",Clarivate
"Bangalore, Karnataka",,,IT Jobs,Astellas Pharma
"Bangalore, Karnataka",,,IT Jobs,CDM Smith
"Bangalore, Karnataka",,,IT Jobs,Nielsen Sports
"Bangalore, Karnataka",1500000.0,3000000.0,IT Jobs,GoHyre
"Bangalore, Karnataka",1000000.0,1200000.0,Accounting & Finance Jobs,Talent Pro
"Bangalore, Karnataka",,,IT Jobs,ASSPL - Karnataka
"Bangalore, Karnataka",,,"PR, Advertising & Marketing Jobs",Clarivate
"Bangalore, Karnataka",,,Accounting & Finance Jobs,Tech Smcsquared Gcc
"Bangalore, Karnataka",,,IT Jobs,Amazon
"Bangalore, Karnataka",,,HR & Recruitment Jobs,WSP USA
"Bangalore, Karnataka",,,IT Jobs,Pearson
"Richmond Town, Bangalore",500000.0,600000.0,IT Jobs,Acme Services Private Limited
"Bangalore, Karnataka",,,IT Jobs,IKA India
"Bangalore, Karnataka",,,IT Jobs,Fresenius Medical Care
"Bangalore, Karnataka",,,IT Jobs,Chevron Corporation
"Bangalore, Karnataka",,,IT Jobs,CGI
"Bangalore, Karnataka",900000.0,1400000.0,IT Jobs,LatentView Analytics
"Bangalore, Karnataka",,,IT Jobs,Bosch India
"Richmond Town, Bangalore",1200000.0,1200000.0,IT Jobs,Vrinda International
"Bangalore, Karnataka",,,"PR, Advertising & Marketing Jobs",First Advantage
"Bangalore, Karnataka",2100000.0,2500000.0,IT Jobs,Staffnixcom
"Bangalore, Karnataka",,,IT Jobs,Acura Solution
"Bangalore, Karnataka",,,IT Jobs,UnitedHealth Group
"Bangalore, Karnataka",750000.0,2600000.0,IT Jobs,wrackle
"Bangalore, Karnataka",,,IT Jobs,Konovo
"Bangalore, Karnataka",,,IT Jobs,Cyberhaven
"Bangalore, Karnataka",,,Engineering Jobs,Accuris
"Bangalore, Karnataka",150000.0,180000.0,IT Jobs,Sizzle
"Bangalore, Karnataka",900000.0,1500000.0,IT Jobs,Spoonshot Inc.
"Bangalore, Karnataka",,,IT Jobs,Capco
"Bangalore, Karnataka",,,IT Jobs,"McAfee, Inc."
"Bangalore, Karnataka",,,Scientific & QA Jobs,IQVIA
"Bangalore, Karnataka",,,Accounting & Finance Jobs,Thomson Reuters
"Bangalore, Karnataka",,,Accounting & Finance Jobs,BSR & Co
"Bangalore, Karnataka",,,IT Jobs,AGCO Corporation
"Bangalore, Karnataka",,,IT Jobs,Uplers
"Bangalore, Karnataka",,,IT Jobs,Instawork
"Bangalore, Karnataka",,,IT Jobs,Okta
"Bangalore, Karnataka",,,IT Jobs,TRG Screen
"Bangalore, Karnataka",,,IT Jobs,Honeywell
"Bangalore, Karnataka",,,IT Jobs,eBay
"Bangalore, Karnataka",,,IT Jobs,Barracuda Networks
"Bangalore, Karnataka",,,IT Jobs,Caterpillar
"Kenchanahalli, Bangalore",,,IT Jobs,InvestCloud Careers
"Bangalore, Karnataka",,,IT Jobs,eBay
"Bangalore, Karnataka",,,IT Jobs,Honeywell
"Bangalore, Karnataka",,,IT Jobs,"Caterpillar, Inc."
"Bangalore, Karnataka",,,IT Jobs,Mantras2Success
"Bangalore, Karnataka",,,IT Jobs,Talent Leads Consultants
"Bangalore, Karnataka",,,IT Jobs,FM India
"Bangalore, Karnataka",,,HR & Recruitment Jobs,Johnson & Johnson
"Bangalore, Karnataka",,,HR & Recruitment Jobs,J&J Family of Companies
"Bangalore, Karnataka",,,IT Jobs,Okta
"Bangalore, Karnataka",,,IT Jobs,Columbia Sportswear
"Bangalore, Karnataka",,,IT Jobs,Blue Yonder
"Bangalore, Karnataka",,,IT Jobs,Columbia Sportswear
"Bangalore, Karnataka",,,IT Jobs,Omnicorm Media Group
"Bangalore, Karnataka",,,IT Jobs,Pure Storage
"Bangalore, Karnataka",,,IT Jobs,Alexion
"Bangalore, Karnataka",,,IT Jobs,TE Connectivity
"Bangalore, Karnataka",,,IT Jobs,DIAGEO India
"Bangalore, Karnataka",,,IT Jobs,DIAGEO India
"Bangalore, Karnataka",,,IT Jobs,Acura Solution
"Bangalore, Karnataka",,,IT Jobs,Citigroup
"Bangalore, Karnataka",,,IT Jobs,The Cigna Group
"Bangalore, Karnataka",,,Admin Jobs,Citigroup
"Bangalore, Karnataka",1400000.0,1600000.0,IT Jobs,Peak Hire Solutions
"Bangalore, Karnataka",,,HR & Recruitment Jobs,Pure Storage
"Bangalore, Karnataka",,,Accounting & Finance Jobs,DE Shaw
"Bangalore, Karnataka",,,IT Jobs,Valtech
"Bangalore, Karnataka",,,IT Jobs,Cigna Group
"Bangalore, Karnataka",,,IT Jobs,Citigroup
"Bangalore, Karnataka",,,IT Jobs,The Cigna Group
"Bangalore, Karnataka",,,IT Jobs,The Cigna Group
"Bangalore, Karnataka",,,Legal Jobs,Deutsche Bank
"Bangalore, Karnataka",,,IT Jobs,Goldman Sachs
"Bangalore, Karnataka",,,IT Jobs,
"Bangalore, Karnataka",,,IT Jobs,JB Pointdexter
"Bangalore, Karnataka",,,IT Jobs,Ensono
"Bangalore, Karnataka",,,IT Jobs,Microland
"Bangalore, Karnataka",,,IT Jobs,Thomson Reuters
"Bangalore, Karnataka",,,Accounting & Finance Jobs,hackajob
"Bangalore, Karnataka",,,Admin Jobs,Bill Gosling Outsourcing
"Bangalore, Karnataka",,,Accounting & Finance Jobs,Epifi Technologies
"Richmond Town, Bangalore",2000000.0,3100000.0,IT Jobs,Acme Services Private Limited
"Bangalore, Karnataka",,,Accounting & Finance Jobs,MUFG Global Service 
"Bangalore, Karnataka",,,IT Jobs,ADCI - Karnataka
"Bangalore, Karnataka",,,IT Jobs,Asterion
"Bangalore, Karnataka",,,IT Jobs,Hewlett Packard Enterprise
"Bangalore, Karnataka",500000.0,1500000.0,IT Jobs,Ad Astra Consultants
"Bangalore, Karnataka",,,IT Jobs,Sandisk
"Bangalore, Karnataka",,,IT Jobs,The Job Factory
"Bangalore, Karnataka",500000.0,1400000.0,IT Jobs,Zorba Consulting India
"Bangalore, Karnataka",1100000.0,1700000.0,IT Jobs,Jobdost
"Bangalore, Karnataka",,,Accounting & Finance Jobs,Goldman Sachs
"Bangalore, Karnataka",0.0,1000000.0,IT Jobs,Vrinda International
"Bangalore, Karnataka",,,IT Jobs,Happiest Minds
"Chennai, Tamil Nadu",,,IT Jobs,Colan Infotech Private Limited
"Chennai, Tamil Nadu",,,IT Jobs,Vedita Ventures
"Chennai, Tamil Nadu",,,"Energy, Oil & Gas Jobs",Hitachi
"Chennai, Tamil Nadu",,,IT Jobs,CONTUS TECH
"Chennai, Tamil Nadu",,,Trade & Construction Jobs,
"Chennai, Tamil Nadu",,,IT Jobs,OneMagnify
"Chennai, Tamil Nadu",,,IT Jobs,Guidehouse
"Chennai, Tamil Nadu",,,IT Jobs,Roche
"Chennai, Tamil Nadu",800000.0,1200000.0,IT Jobs,TekClan
"Injambakkam, Chennai",,,IT Jobs,"Ventra Health, Inc."
"Chennai, Tamil Nadu",,,IT Jobs,UnitedHealth Group
"Chennai, Tamil Nadu",,,Accounting & Finance Jobs,Standard Chartered Bank
"Chennai, Tamil Nadu",,,IT Jobs,Comcast
"Chennai, Tamil Nadu",,,IT Jobs,XenonStack
"Chennai, Tamil Nadu",,,IT Jobs,NatWest Markets
"Chennai, Tamil Nadu",,,IT Jobs,Colan Infotech Private Limited
"Chennai, Tamil Nadu",,,Accounting & Finance Jobs,Standard Chartered Bank
"Chennai, Tamil Nadu",,,Accounting & Finance Jobs,People First Consultants
"Chennai, Tamil Nadu",,,Accounting & Finance Jobs,Teamware Solutions a
"Chennai, Tamil Nadu",,,"Energy, Oil & Gas Jobs",Arcadia
"Chennai, Tamil Nadu",,,IT Jobs,Kuehne+Nagel
"Chennai, Tamil Nadu",,,IT Jobs,CDM Smith
"Chennai, Tamil Nadu",,,Accounting & Finance Jobs,BDO India
"Chennai, Tamil Nadu",,,IT Jobs,Pearson
"Chennai, Tamil Nadu",,,IT Jobs,Pearson
"Chennai, Tamil Nadu",,,IT Jobs,UPS
"Chennai, Tamil Nadu",,,IT Jobs,UPS
"Chennai, Tamil Nadu",,,IT Jobs,Comcast
"Chennai, Tamil Nadu",,,IT Jobs,Optum
"Chennai, Tamil Nadu",,,IT Jobs,UnitedHealth Group
"Chennai, Tamil Nadu",,,Accounting & Finance Jobs,Smart Financial Decisions Made Simple
"Chennai, Tamil Nadu",,,IT Jobs,Atos
"Chennai, Tamil Nadu",1500000.0,2400000.0,IT Jobs,Papigen
"Chennai, Tamil Nadu",,,IT Jobs,UPS
"Chennai, Tamil Nadu",,,IT Jobs,UPS
"Chennai, Tamil Nadu",,,IT Jobs,Citigroup
"Chennai, Tamil Nadu",,,IT Jobs,UPS
"Chennai, Tamil Nadu",,,IT Jobs,UPS
"Chennai, Tamil Nadu",,,IT Jobs,Citigroup
"Chennai, Tamil Nadu",,,IT Jobs,Trimble
"Chennai, Tamil Nadu",,,IT Jobs,Trimble
"Chennai, Tamil Nadu",,,IT Jobs,Trimble
"Chennai, Tamil Nadu",,,IT Jobs,AstraZeneca
"Chennai, Tamil Nadu",,,IT Jobs,
"Chennai, Tamil Nadu",,,IT Jobs,Wipro
"Chennai, Tamil Nadu",,,IT Jobs,People First Consultants
"Chennai, Tamil Nadu",,,IT Jobs,Lexisnexis Risk Solutions
"Chennai, Tamil Nadu",,,IT Jobs,Allime Tech Solutions
"Chennai, Tamil Nadu",,,IT Jobs,"NTT America, Inc."
"Chennai, Tamil Nadu",,,IT Jobs,Citigroup
"Chennai, Tamil Nadu",100000.0,1500000.0,IT Jobs,The Hub
"Chennai, Tamil Nadu",,,IT Jobs,CBTS India
"Chennai, Tamil Nadu",,,Accounting & Finance Jobs,Dun & Bradstreet
"Chennai, Tamil Nadu",,,Admin Jobs,ADCI MAA 12 SEZ
"Chennai, Tamil Nadu",,,IT Jobs,ADCI MAA 12 SEZ
"Chennai, Tamil Nadu",1500000.0,1800000.0,IT Jobs,Ganit Business Solutions
"Chennai, Tamil Nadu",600000.0,1000000.0,IT Jobs,People First Consultants
"Kasturibai Nagar, Chennai",,,IT Jobs,Mindera
"Chennai, Tamil Nadu",,,IT Jobs,Photon Group
"Chennai, Tamil Nadu",100000.0,1200000.0,Accounting & Finance Jobs,People First Consultants
"Chennai, Tamil Nadu",,,Scientific & QA Jobs,YipitData
"Chennai, Tamil Nadu",400000.0,1500000.0,IT Jobs,Agiletech Info Solutions pvt ltd
"Chennai, Tamil Nadu",,,IT Jobs,Citigroup
"Chennai, Tamil Nadu",,,IT Jobs,Hapag-Lloyd
"Chennai, Tamil Nadu",1000000.0,1500000.0,IT Jobs,SangatHR
"Chennai, Tamil Nadu",2000000.0,4800000.0,IT Jobs,Peak Hire Solutions
"Chennai, Tamil Nadu",4000000.0,4800000.0,IT Jobs,Peak Hire Solutions
"Chennai, Tamil Nadu",600000.0,2000000.0,IT Jobs,Ganit Business Solutions
"Chennai, Tamil Nadu",100000.0,1500000.0,IT Jobs,The Hub
"Chennai, Tamil Nadu",,,IT Jobs,People First Consultants
"Chennai, Tamil Nadu",,,IT Jobs,Infosys
"Chennai, Tamil Nadu",,,IT Jobs,UPS
"Egmore Nungambakkam, Chennai",,,HR & Recruitment Jobs,Insight Advisors Private Limited
"Chennai, Tamil Nadu",1000000.0,3000000.0,IT Jobs,Pluginlive
"Chennai, Tamil Nadu",1200000.0,1800000.0,IT Jobs,Mobile Programming LLC
"Chennai, Tamil Nadu",,,IT Jobs,UPS
"Chennai, Tamil Nadu",1000000.0,1500000.0,IT Jobs,Papigen
"Chennai, Tamil Nadu",1200000.0,2500000.0,IT Jobs,Ganit Business Solutions
"Chennai, Tamil Nadu",,,IT Jobs,Capco
"Chennai, Tamil Nadu",,,IT Jobs,Capco
"Chennai, Tamil Nadu",,,IT Jobs,Allime Tech Solutions
"Chennai, Tamil Nadu",,,IT Jobs,EXL
"Chennai, Tamil Nadu",200000.0,800000.0,IT Jobs,Klenty
"Chennai, Tamil Nadu",400000.0,1000000.0,IT Jobs,Klenty
"Chennai, Tamil Nadu",,,IT Jobs,Virtusa
"Chennai, Tamil Nadu",,,Consultancy Jobs,EXL
"Chennai, Tamil Nadu",,,IT Jobs,Photon Group
"Chennai, Tamil Nadu",,,IT Jobs,Trimble
"Chennai, Tamil Nadu",300000.0,1700000.0,IT Jobs,People First Consultants
"Chennai, Tamil Nadu",,,IT Jobs,EXL
"Chennai, Tamil Nadu",,,IT Jobs,Honeywell
"Chennai, Tamil Nadu",400000.0,1300000.0,IT Jobs,2coms
"Chennai, Tamil Nadu",,,IT Jobs,Citigroup
"Chennai, Tamil Nadu",,,Logistics & Warehouse Jobs,Capgemini
"Chennai, Tamil Nadu",,,IT Jobs,Cognizant
"Chennai, Tamil Nadu",1000000.0,2400000.0,IT Jobs,SOT-Science of talent Acquisition consulting services Pvt Ltd
"Chennai, Tamil Nadu",1300000.0,2500000.0,IT Jobs,SOT-Science of talent Acquisition consulting services Pvt Ltd
"Chennai, Tamil Nadu",300000.0,600000.0,IT Jobs,DailyWorks
"Chennai, Tamil Nadu",,,IT Jobs,Ford Motor
"Chennai, Tamil Nadu",,,IT Jobs,UPS
"Chennai, Tamil Nadu",,,IT Jobs,CDM Smith
"Chennai, Tamil Nadu",,,IT Jobs,Datamatics Technologies
"Chennai, Tamil Nadu",600000.0,1200000.0,IT Jobs,Coastal Aquaculture Research Institute Private Limited
"Chennai, Tamil Nadu",,,IT Jobs,Hitachi Solutions
"Chennai, Tamil Nadu",1000000.0,3000000.0,IT Jobs,AGILEAXIS
"Chennai, Tamil Nadu",300000.0,600000.0,IT Jobs,InteliTix Solutions Private Limited
"Chennai, Tamil Nadu",,,IT Jobs,Standard Chartered Bank
"Chennai, Tamil Nadu",,,IT Jobs,Firstsource
"Chennai, Tamil Nadu",,,IT Jobs,Kyndryl
"Chennai, Tamil Nadu",,,IT Jobs,Alight
"Chennai, Tamil Nadu",,,IT Jobs,UPS
"Chennai, Tamil Nadu",,,IT Jobs,Cognizant
"Chennai, Tamil Nadu",,,IT Jobs,UPS
"Chennai, Tamil Nadu",,,IT Jobs,Citigroup
"Chennai, Tamil Nadu",,,Accounting & Finance Jobs,People First Consultants
"Chennai, Tamil Nadu",,,IT Jobs,Impetus Technologies
"Chennai, Tamil Nadu",,,IT Jobs,UPS
"Chennai, Tamil Nadu",,,IT Jobs,"Caterpillar, Inc."
"Chennai, Tamil Nadu",,,Accounting & Finance Jobs,ICON Clinical Research
"Chennai, Tamil Nadu",,,IT Jobs,Comcast
"Chennai, Tamil Nadu",,,IT Jobs,Pearson
"Chennai, Tamil Nadu",,,IT Jobs,UPS
"Chennai, Tamil Nadu",,,Accounting & Finance Jobs,YipitData
"Chennai, Tamil Nadu",,,IT Jobs,Acura Solution
"Chennai, Tamil Nadu",,,Engineering Jobs,ADCI MAA 15 SEZ
"Chennai, Tamil Nadu",,,IT Jobs,UPS
"Chennai, Tamil Nadu",,,IT Jobs,Amazon
"Chennai, Tamil Nadu",,,IT Jobs,Amazon
"Chennai, Tamil Nadu",,,IT Jobs,Amazon
"Chennai, Tamil Nadu",,,IT Jobs,UPS
"Chennai, Tamil Nadu",,,IT Jobs,UPS
"Chennai, Tamil Nadu",,,"PR, Advertising & Marketing Jobs",Trimble
"Chennai, Tamil Nadu",,,IT Jobs,IGT
"Chennai, Tamil Nadu",,,IT Jobs,Cognizant
"Chennai, Tamil Nadu",1000000.0,1500000.0,IT Jobs,Praveza Consultancy Private Limited
"Chennai, Tamil Nadu",,,IT Jobs,Pearson
"Chennai, Tamil Nadu",,,IT Jobs,Citigroup
"Chennai, Tamil Nadu",,,IT Jobs,RELX INC
"Chennai, Tamil Nadu",,,IT Jobs,Cognizant
"Chennai, Tamil Nadu",,,IT Jobs,Cognizant
"Chennai, Tamil Nadu",,,IT Jobs,UNIMORPH CONSULTING LLP
"Chennai, Tamil Nadu",,,IT Jobs,Amazon
"Chennai, Tamil Nadu",,,Accounting & Finance Jobs,Trimble
"Chennai, Tamil Nadu",,,IT Jobs,Hapag-Lloyd
"Chennai, Tamil Nadu",,,IT Jobs,Bank of America
"Chennai, Tamil Nadu",500000.0,3000000.0,IT Jobs,netmedscom
"Chennai, Tamil Nadu",,,IT Jobs,Cognizant
"Chennai, Tamil Nadu",,,IT Jobs,Cognizant
"Injambakkam, Chennai",,,IT Jobs,Cassini Systems
"Chennai, Tamil Nadu",900000.0,1000000.0,IT Jobs,Optiblack
"Chennai, Tamil Nadu",,,IT Jobs,Kyndryl
"Chennai, Tamil Nadu",,,IT Jobs,Amazon
"Chennai, Tamil Nadu",,,IT Jobs,Wipro Limited
"Chennai, Tamil Nadu",400000.0,1600000.0,IT Jobs,NovacisDigital
"Chennai, Tamil Nadu",,,IT Jobs,Lloyd's List Intelligence
"Chennai, Tamil Nadu",,,IT Jobs,Kuehne+Nagel
"Chennai, Tamil Nadu",,,IT Jobs,BMW TechWorks India
"Chennai, Tamil Nadu",,,Accounting & Finance Jobs,Standard Chartered Bank
"Delhi, India",0.0,300000.0,IT Jobs,SveltetechTechnologies Pvt Ltd
"Delhi, India",1000000.0,1200000.0,IT Jobs,Qrata
"Delhi, India",800000.0,1300000.0,IT Jobs,Qrata
"Delhi, India",,,IT Jobs,Hubhopper
"Delhi, India",100000.0,600000.0,"Energy, Oil & Gas Jobs",Jobdost
"Delhi, India",0.0,1500000.0,"PR, Advertising & Marketing Jobs",Unnati
"Delhi, India",,,IT Jobs,Mantras2Success
"Delhi, India",,,IT Jobs,People First Consultants
"Delhi, India",1200000.0,1500000.0,IT Jobs,The Talent Keepers
"Delhi, India",420000.0,540000.0,IT Jobs,Vital
"Delhi, India",,,IT Jobs,Acura Solution
"Delhi, India",,,IT Jobs,Tide
"Delhi, India",540000.0,800000.0,IT Jobs,Institute of Informatics & Communication
"Delhi, India",,,Scientific & QA Jobs,YipitData
"New Delhi, Delhi",,,Legal Jobs,ASSPL - Delhi
"New Delhi, Delhi",,,Legal Jobs,ASSPL - Delhi
"Delhi, India",,,Accounting & Finance Jobs,RECEX
"New Delhi, Delhi",,,Legal Jobs,Amazon
"Delhi, India",,,IT Jobs,Morningstar
"New Delhi, Delhi",,,Legal Jobs,Amazon
"New Delhi, Delhi",,,IT Jobs,Protiviti
"H.S.Sangh, North West Delhi",10000.0,20000.0,IT Jobs,Training Basket
"New Delhi, Delhi",,,IT Jobs,"NTT America, Inc."
"Delhi, India",1200000.0,1500000.0,Consultancy Jobs,Unnati
"Delhi, India",,,IT Jobs,ALIQAN Technologies
"Delhi, India",1000000.0,2500000.0,IT Jobs,TalentXo
"New Delhi, Delhi",,,IT Jobs,Sattva Consulting
"Delhi, India",700000.0,1200000.0,IT Jobs,Instantpay
"Delhi, India",,,IT Jobs,Fitfyles LLP
"Delhi, India",4000000.0,4500000.0,IT Jobs,Infinium Associate
"Delhi, India",0.0,600000.0,IT Jobs,SveltetechTechnologies Pvt Ltd
"Delhi, India",600000.0,700000.0,"PR, Advertising & Marketing Jobs",Unnati
"Delhi, India",0.0,1400000.0,IT Jobs,Bondburry Recruitmenrt Pvt Ltd
"Delhi, India",600000.0,700000.0,HR & Recruitment Jobs,Unnati
"Delhi, India",,,IT Jobs,Mancraft Consulting
"Delhi, India",,,IT Jobs,Wadhwani Foundation
"Delhi, India",,,IT Jobs,Techmagnate
"Delhi, India",,,Accounting & Finance Jobs,YipitData
"Delhi, India",,,IT Jobs,Amazon
"Delhi, India",,,IT Jobs,AlphaSense India
"Delhi, India",,,Consultancy Jobs,Avasant
"Delhi, India",,,IT Jobs,Amazon
"Delhi, India",,,IT Jobs,Amazon
"Delhi, India",,,Healthcare & Nursing Jobs,RECEX
"New Delhi, Delhi",,,IT Jobs,Esri
"New Delhi, Delhi",,,IT Jobs,Rhombus Power
"Delhi, India",,,IT Jobs,NTT
"New Delhi, Delhi",,,IT Jobs,"NTT America, Inc."
"Delhi, India",,,IT Jobs,Amazon
"New Delhi, Delhi",,,Consultancy Jobs,Avasant
"Sansad Marg, New Delhi",,,Scientific & QA Jobs,Clinton Health Access Initiative
"Hyderabad, Telangana",,,IT Jobs,Leading Client
"Hyderabad, Telangana",,,IT Jobs,InTouch CX
"Hyderabad, Telangana",,,IT Jobs,In Touch
"Hyderabad, Telangana",,,IT Jobs,InTouch CX
"Hyderabad, Telangana",,,IT Jobs,Cornerstone onDemand
"Hyderabad, Telangana",0.0,800000.0,IT Jobs,Syrencloud
"Hyderabad, Telangana",,,IT Jobs,DAZN
"Hyderabad, Telangana",,,Accounting & Finance Jobs,Redwood Software
"Hyderabad, Telangana",,,IT Jobs,Tribute Technology
"Hyderabad, Telangana",,,Trade & Construction Jobs,
"Hyderabad, Telangana",,,IT Jobs,Capgemini
"Hyderabad, Telangana",,,IT Jobs,intouchcx
"Hyderabad, Telangana",,,IT Jobs,Arise Global Services
"Hyderabad, Telangana",,,IT Jobs,Honeywell
"Kyasaram, Hyderabad",,,Scientific & QA Jobs,USP
"Hyderabad, Telangana",,,Scientific & QA Jobs,The U.S. Pharmacopeial Convention 
"Hyderabad, Telangana",,,Accounting & Finance Jobs,TJX India
"Hyderabad, Telangana",,,Admin Jobs,Decisions
"Hyderabad, Telangana",,,IT Jobs,The Goodyear Tire & Rubber Company
"Hyderabad, Telangana",,,IT Jobs,Warner Bros
"Hyderabad, Telangana",,,IT Jobs,UnitedHealth Group
"Hyderabad, Telangana",,,IT Jobs,UnitedHealth Group
"Hyderabad, Telangana",,,IT Jobs,Google
"Hyderabad, Telangana",,,IT Jobs,Truveta
"Hyderabad, Telangana",2400000.0,2700000.0,IT Jobs,Technogen India PvtLtd
"Hyderabad, Telangana",300000.0,1000000.0,IT Jobs,Orbital
"Hyderabad, Telangana",,,IT Jobs,Clarivate
"Hyderabad, Telangana",,,IT Jobs,Google
"Hyderabad, Telangana",,,IT Jobs,Apraava Renewable Energy
"Hyderabad, Telangana",,,IT Jobs,UnitedHealth Group
"Hyderabad, Telangana",,,IT Jobs,People First Consultants
"Hyderabad, Telangana",800000.0,1000000.0,IT Jobs,We Search
"Hyderabad, Telangana",,,IT Jobs,ADP Private Limited
"Hyderabad, Telangana",800000.0,1500000.0,IT Jobs,Carbynetech
"Hyderabad, Telangana",,,IT Jobs,Novartis
"Hyderabad, Telangana",,,IT Jobs,Sanofi
"Hyderabad, Telangana",,,IT Jobs,Danaher
"Hyderabad, Telangana",,,IT Jobs,Danaher Corporation
"Hyderabad, Telangana",,,IT Jobs,Danaher
"Hyderabad, Telangana",,,IT Jobs,UnitedHealth Group
"Hyderabad, Telangana",,,IT Jobs,TechVedika
"Hyderabad, Telangana",,,IT Jobs,The Hartford
"Hyderabad, Telangana",,,IT Jobs,People First Consultants
"Hyderabad, Telangana",,,Accounting & Finance Jobs,Wise
"Hyderabad, Telangana",,,Sales Jobs,Zenoti
"Hyderabad, Telangana",,,IT Jobs,DTCC
"Hyderabad, Telangana",,,IT Jobs,People First Consultants
"Hyderabad, Telangana",,,IT Jobs,Manipal Cigna Insurance Group
"Hyderabad, Telangana",,,Scientific & QA Jobs,Amgen
"Hyderabad, Telangana",,,Scientific & QA Jobs,Amgen
"Hyderabad, Telangana",,,Scientific & QA Jobs,Bristol Myers Squibb
"Hyderabad, Telangana",,,IT Jobs,Bristol Myers Squibb
"Hyderabad, Telangana",,,IT Jobs,Rizzle
"Hyderabad, Telangana",,,IT Jobs,Amgen
"Hyderabad, Telangana",,,IT Jobs,Optum
"Hyderabad, Telangana",,,IT Jobs,UnitedHealth Group
"Hyderabad, Telangana",,,IT Jobs,Honeywell
"Hyderabad, Telangana",,,IT Jobs,UnitedHealth Group
"Hyderabad, Telangana",,,IT Jobs,Inspire Brands Hyderabad Support Center
"Hyderabad, Telangana",,,IT Jobs,Zoetis
"Hyderabad, Telangana",,,IT Jobs,Zoetis
"Hyderabad, Telangana",,,IT Jobs,Zoetis
"Hyderabad, Telangana",,,IT Jobs,The Cigna Group
"Hyderabad, Telangana",,,IT Jobs,Bristol Myers Squibb
"Hyderabad, Telangana",,,IT Jobs,Warner Bros. Discovery
"Hyderabad, Telangana",,,IT Jobs,Warner Bros. Discovery
"Hyderabad, Telangana",,,"PR, Advertising & Marketing Jobs",Warner Bros
"Hyderabad, Telangana",,,IT Jobs,Evernorth
"Hyderabad, Telangana",,,IT Jobs,Manipal Cigna Insurance Group
"Hyderabad, Telangana",,,Accounting & Finance Jobs,DE Shaw
"Hyderabad, Telangana",,,IT Jobs,Bristol Myers Squibb
"Hyderabad, Telangana",,,IT Jobs,Franklin Templeton
"Hyderabad, Telangana",200000.0,300000.0,IT Jobs,Assentcode Technologies Private Limited
"Hyderabad, Telangana",,,IT Jobs,Salesforce
"Hyderabad, Telangana",,,IT Jobs,NTT
"Hyderabad, Telangana",,,IT Jobs,"NTT America, Inc."
"Hyderabad, Telangana",,,IT Jobs,Cognizant
"Hyderabad, Telangana",,,IT Jobs,Cigna Group
"Hyderabad, Telangana",,,IT Jobs,The Cigna Group
"Hyderabad, Telangana",,,IT Jobs,Ivis International Private Limited
"Hyderabad, Telangana",,,IT Jobs,Amazon Dev Center India - Hyderabad
"Hyderabad, Telangana",,,IT Jobs,Amazon
"Hyderabad, Telangana",,,IT Jobs,DESRI
"Hyderabad, Telangana",,,IT Jobs,Inspire Brands Hyderabad Support Center
"Hyderabad, Telangana",,,IT Jobs,TriNet
"Hyderabad, Telangana",,,IT Jobs,EXL
"Hyderabad, Telangana",,,IT Jobs,EXL
"Hyderabad, Telangana",0.0,300000.0,IT Jobs,Yagna Technologies Pvt Ltd
"Hyderabad, Telangana",,,IT Jobs,Bristol Myers Squibb
"Hyderabad, Telangana",,,IT Jobs,People First Consultants
"Hyderabad, Telangana",,,IT Jobs,Dun & Bradstreet
"Hyderabad, Telangana",,,IT Jobs,Amgen
"Hyderabad, Telangana",,,IT Jobs,Amgen
"Hyderabad, Telangana",,,IT Jobs,ADCI HYD 16 SEZ
"Hyderabad, Telangana",,,IT Jobs,CIBC India
"Hyderabad, Telangana",,,IT Jobs,Amgen
"Hyderabad, Telangana",,,IT Jobs,Amazon
"Hyderabad, Telangana",,,IT Jobs,Amazon
"Hyderabad, Telangana",,,"PR, Advertising & Marketing Jobs",TechBlocks
"Hyderabad, Telangana",,,IT Jobs,Amgen
"Hyderabad, Telangana",,,IT Jobs,Amgen
"Hyderabad, Telangana",,,IT Jobs,Amgen
"Hyderabad, Telangana",,,IT Jobs,Tide
"Hyderabad, Telangana",,,IT Jobs,Amazon
"Hyderabad, Telangana",,,Accounting & Finance Jobs,D. E. Shaw India Private Limited
"Hyderabad, Telangana",,,IT Jobs,Apraava Renewable Energy
"Hyderabad, Telangana",,,IT Jobs,Quanteon Solutions LLP
"Hyderabad, Telangana",,,IT Jobs,The Cigna Group
"Hyderabad, Telangana",,,IT Jobs,Jade Global
"Hyderabad, Telangana",,,Scientific & QA Jobs,YipitData
"Hyderabad, Telangana",,,IT Jobs,Infosys Limited
"Hyderabad, Telangana",1000000.0,3000000.0,IT Jobs,Invesco
"Hyderabad, Telangana",,,IT Jobs,Amgen
"Hyderabad, Telangana",,,IT Jobs,Amgen
"Hyderabad, Telangana",,,IT Jobs,Infor
"Hyderabad, Telangana",,,IT Jobs,QualiZeal India LLP
"Hyderabad, Telangana",,,IT Jobs,Blue Yonder
"Hyderabad, Telangana",,,IT Jobs,Bristol Myers Squibb
"Hyderabad, Telangana",,,Accounting & Finance Jobs,State Street
"Hyderabad, Telangana",500000.0,500000.0,"PR, Advertising & Marketing Jobs",StoryTech
"Hussainialam, Hyderabad",,,IT Jobs,Trimont
"Hyderabad, Telangana",,,IT Jobs,Wise
"Hyderabad, Telangana",,,IT Jobs,Bristol Myers Squibb
"Hyderabad, Telangana",,,IT Jobs,Compunnel Technology India Private Limited
"Hyderabad, Telangana",,,IT Jobs,Regalix
"Hyderabad, Telangana",,,IT Jobs,Amgen
"Hyderabad, Telangana",,,IT Jobs,Amgen
"Hyderabad, Telangana",,,IT Jobs,Amgen
"Hyderabad, Telangana",,,IT Jobs,Cohere Health
"Hyderabad, Telangana",,,IT Jobs,Sanofi
"Hyderabad, Telangana",,,IT Jobs,Synchrony
"Hyderabad, Telangana",,,IT Jobs,Welo Global
"Hyderabad, Telangana",,,IT Jobs,Amgen
"Hyderabad, Telangana",,,IT Jobs,Amgen
"Hyderabad, Telangana",,,IT Jobs,DIGITALCUBE CONSULTANCY SERVICES PRIVATE LIMITED
"Hyderabad, Telangana",,,IT Jobs,Accenture
"Hyderabad, Telangana",,,IT Jobs,CGI
"Hyderabad, Telangana",,,IT Jobs,Amgen
"Hyderabad, Telangana",,,IT Jobs,Inspire Brands Hyderabad Support Center
"Hyderabad, Telangana",,,IT Jobs,Bristol Myers Squibb
"Hyderabad, Telangana",,,IT Jobs,Amgen
"Hyderabad, Telangana",,,IT Jobs,Warner Bros. Discovery
"Hyderabad, Telangana",,,IT Jobs,Amgen
"Hyderabad, Telangana",,,IT Jobs,Quanteon Solutions LLP
"Hyderabad, Telangana",,,IT Jobs,TransUnion
"Hyderabad, Telangana",,,IT Jobs,Aditi Tech Consulting Private Limited
"Hyderabad, Telangana",,,IT Jobs,Metlife
"Hyderabad, Telangana",,,IT Jobs,Amgen
"Hyderabad, Telangana",,,IT Jobs,Amgen
"Baner, Pune",,,Trade & Construction Jobs,Linesight
"Hyderabad, Telangana",,,IT Jobs,INNOVA SOLUTIONS
"Hyderabad, Telangana",,,IT Jobs,Amazon
"Hyderabad, Telangana",,,IT Jobs,LTM
"Hyderabad, Telangana",,,IT Jobs,Amgen
"Hyderabad, Telangana",,,IT Jobs,AALUCKS Talent Pro
"Hyderabad, Telangana",,,IT Jobs,Infosys Limited
"Hyderabad, Telangana",,,IT Jobs,Amazon
"Hyderabad, Telangana",,,IT Jobs,In Touch
"Hyderabad, Telangana",,,IT Jobs,FedEx AMEA
"Hyderabad, Telangana",,,IT Jobs,Amgen
"Hyderabad, Telangana",,,IT Jobs,Sanofi
"Hyderabad, Telangana",,,Scientific & QA Jobs,Johnson & Johnson
"Hyderabad, Telangana",,,Scientific & QA Jobs,J&J Family of Companies
"Hyderabad, Telangana",,,IT Jobs,Amgen
"Hyderabad, Telangana",,,Accounting & Finance Jobs,Amgen
"Hyderabad, Telangana",,,Accounting & Finance Jobs,Amgen
"Hyderabad, Telangana",,,IT Jobs,Dun & Bradstreet
"Hyderabad, Telangana",,,IT Jobs,Metlife
"Hyderabad, Telangana",,,Engineering Jobs,Carrier
"Hyderabad, Telangana",,,IT Jobs,CGI
"Hyderabad, Telangana",,,IT Jobs,BDO India
"Hyderabad, Telangana",,,IT Jobs,Amgen
"Hyderabad, Telangana",,,IT Jobs,Amgen
"Hyderabad, Telangana",,,IT Jobs,Amgen
"Hyderabad, Telangana",,,IT Jobs,Amgen
"Hyderabad, Telangana",0.0,1000000.0,IT Jobs,Vrinda International
"Hyderabad, Telangana",,,IT Jobs,Cognizant
"Hyderabad, Telangana",,,IT Jobs,Mind Waveai Solutions Private Limited
"Hyderabad, Telangana",,,Accounting & Finance Jobs,Amazon
"Hyderabad, Telangana",2300000.0,2600000.0,Accounting & Finance Jobs,Peak Hire Solutions
"Hyderabad, Telangana",,,IT Jobs,Amgen
"Hyderabad, Telangana",,,IT Jobs,Amgen
"Hyderabad, Telangana",,,IT Jobs,Warner Bros
"Hyderabad, Telangana",,,IT Jobs,Warner Bros
"Hyderabad, Telangana",,,IT Jobs,Amgen
"Hyderabad, Telangana",,,IT Jobs,Amgen
"Hyderabad, Telangana",,,IT Jobs,Bristol Myers Squibb
"Hyderabad, Telangana",,,IT Jobs,Bristol Myers Squibb
"Hyderabad, Telangana",,,IT Jobs,INFOSLAB CONSULTANCY PRIVATE LIMITED
"Hyderabad, Telangana",,,IT Jobs,People Prime Worldwide
"Hyderabad, Telangana",,,IT Jobs,Amgen
"Hyderabad, Telangana",,,IT Jobs,Amgen
"Hyderabad, Telangana",,,IT Jobs,BDO India
"Hyderabad, Telangana",,,IT Jobs,Amgen
"Hyderabad, Telangana",,,IT Jobs,The Vanguard Group
"Hyderabad, Telangana",,,IT Jobs,Warner Bros
"Hyderabad, Telangana",,,IT Jobs,Cisco
"Hyderabad, Telangana",,,IT Jobs,Wise
"Hyderabad, Telangana",,,IT Jobs,Amgen
"Hyderabad, Telangana",,,IT Jobs,DTCC
"Hyderabad, Telangana",,,IT Jobs,Dun & Bradstreet
"Hyderabad, Telangana",1200000.0,2500000.0,IT Jobs,Egen Solutions
"Hyderabad, Telangana",,,IT Jobs,Honeywell
"Hyderabad, Telangana",,,IT Jobs,Amgen
"Hyderabad, Telangana",,,IT Jobs,Warner Bros. Discovery
"Hyderabad, Telangana",,,IT Jobs,NOVARTIS
"Hyderabad, Telangana",,,IT Jobs,Amgen
"Hyderabad, Telangana",,,IT Jobs,Amgen
"Hyderabad, Telangana",,,IT Jobs,Amgen
"Hyderabad, Telangana",,,IT Jobs,Sanofi
"Hyderabad, Telangana",,,IT Jobs,Amgen
"Hyderabad, Telangana",,,IT Jobs,Amazon Dev Center India - Hyderabad
"Hyderabad, Telangana",,,IT Jobs,Warner Bros. Discovery
"Hyderabad, Telangana",,,IT Jobs,Virtusa Consulting Services Private Limited
"Hyderabad, Telangana",600000.0,1000000.0,IT Jobs,Saras Analytics Private Limited
"Hyderabad, Telangana",,,IT Jobs,Mattel
"Hyderabad, Telangana",,,IT Jobs,Honeywell
"Hyderabad, Telangana",600000.0,1000000.0,IT Jobs,Saras Analytics Private Limited
"Hyderabad, Telangana",,,IT Jobs,The Cigna Group
"Hyderabad, Telangana",,,IT Jobs,Intercontinental Exchange 
"Hyderabad, Telangana",,,IT Jobs,Amgen
"Hyderabad, Telangana",,,IT Jobs,Amgen
"Hyderabad, Telangana",,,IT Jobs,TriNet
"Hyderabad, Telangana",,,IT Jobs,Infor
"Hyderabad, Telangana",,,IT Jobs,The Cigna Group
"Hyderabad, Telangana",,,IT Jobs,Google
"Hyderabad, Telangana",,,IT Jobs,Cigna Group
"Hyderabad, Telangana",,,IT Jobs,Kyndryl
"Hyderabad, Telangana",,,IT Jobs,Amgen
"Hyderabad, Telangana",,,IT Jobs,Sanofi Group
"Hyderabad, Telangana",,,IT Jobs,TriNet
"Hyderabad, Telangana",,,IT Jobs,EY
"Hyderabad, Telangana",600000.0,1800000.0,IT Jobs,Opia Labs
"Hyderabad, Telangana",,,IT Jobs,Trianz
"Hyderabad, Telangana",,,IT Jobs,ADCI HYD 20 SEZ - H94
"Hyderabad, Telangana",,,IT Jobs,Hitachi Solutions
"Hyderabad, Telangana",,,IT Jobs,Nextpower
"Hyderabad, Telangana",,,IT Jobs,Marriott Tech Accelerator
"Hyderabad, Telangana",,,IT Jobs,Honeywell
"Hyderabad, Telangana",,,IT Jobs,Salesforce
"Hyderabad, Telangana",,,IT Jobs,Cigna Group
"Hyderabad, Telangana",,,IT Jobs,Warner Bros. Discovery
"Hyderabad, Telangana",,,IT Jobs,Warner Bros. Discovery
"Hyderabad, Telangana",,,IT Jobs,TriNet
"Hyderabad, Telangana",1000000.0,2500000.0,IT Jobs,People First Consultants
"Hyderabad, Telangana",,,IT Jobs,DCS Consulting Services
"Hyderabad, Telangana",,,IT Jobs,Amazon
"Hyderabad, Telangana",,,IT Jobs,ASSPL - Telangana - D82
"Hyderabad, Telangana",,,IT Jobs,Lyric
"Hyderabad, Telangana",,,IT Jobs,UnitedHealth Group
"Mumbai, Maharashtra",,,Accounting & Finance Jobs,Bajaj Consumer Care
"Mumbai, Maharashtra",,,IT Jobs,Nuvama Asset Services
"Mumbai, Maharashtra",,,"PR, Advertising & Marketing Jobs",Performics India
"Kurla, Mumbai",,,IT Jobs,IIDE
"Andheri, Mumbai",1200000.0,1200000.0,IT Jobs,Proof of Skill
"Mumbai, Maharashtra",,,IT Jobs,Sia
"Mumbai, Maharashtra",0.0,1200000.0,IT Jobs,MSMEx
"Mumbai, Maharashtra",500000.0,1000000.0,IT Jobs,Qrata
"Mumbai, Maharashtra",,,IT Jobs,Wissen Technology
"Mumbai, Maharashtra",,,Accounting & Finance Jobs,Ion
"Mumbai, Maharashtra",0.0,700000.0,Accounting & Finance Jobs,Azent Overseas
"Mumbai, Maharashtra",300000.0,900000.0,IT Jobs,Impact Guru
"Mumbai, Maharashtra",800000.0,1200000.0,IT Jobs,Talent Pro
"Mumbai, Maharashtra",1000000.0,2000000.0,Accounting & Finance Jobs,Pluginlive
"Mumbai, Maharashtra",,,IT Jobs,Wissen Technology
"Mumbai, Maharashtra",,,IT Jobs,Jsw Steel
"Mumbai, Maharashtra",,,IT Jobs,
"Mumbai, Maharashtra",,,Admin Jobs,
"Mumbai, Maharashtra",,,IT Jobs,
"Mumbai, Maharashtra",,,IT Jobs,Sia
"Bazargate, Mumbai",2100000.0,2200000.0,IT Jobs,Acme Services Private Limited
"Mumbai, Maharashtra",,,IT Jobs,Ion
"Mumbai, Maharashtra",600000.0,800000.0,IT Jobs,Merito
"Mumbai, Maharashtra",,,IT Jobs,Logic Planet
"Mumbai, Maharashtra",,,IT Jobs,Ion
"Mumbai, Maharashtra",,,Accounting & Finance Jobs,Ion
"Mumbai, Maharashtra",,,Accounting & Finance Jobs,Ion
"Mumbai, Maharashtra",,,IT Jobs,Clearwater Analytics
"Mumbai, Maharashtra",,,IT Jobs,Ion
"Mumbai, Maharashtra",700000.0,1000000.0,IT Jobs,Unnati
"Mumbai, Maharashtra",,,IT Jobs,Newfold Digital
"Mumbai, Maharashtra",,,Accounting & Finance Jobs,ISS STOXX
"Mumbai, Maharashtra",,,IT Jobs,Wissen Technology
"Mumbai, Maharashtra",500000.0,900000.0,IT Jobs,Impact Guru
"Mumbai, Maharashtra",,,Accounting & Finance Jobs,Ion
"Mumbai, Maharashtra",,,Accounting & Finance Jobs,Ion
"Mumbai, Maharashtra",,,IT Jobs,BSR & Co
"Mumbai, Maharashtra",,,IT Jobs,Capco
"Mumbai, Maharashtra",,,IT Jobs,Capco
"Mumbai, Maharashtra",360000.0,600000.0,IT Jobs,Mindtel
"Mumbai, Maharashtra",,,IT Jobs,Wissen Technology
"Mumbai, Maharashtra",2000000.0,4000000.0,IT Jobs,Talent Pro
"Mumbai, Maharashtra",,,IT Jobs,CSB Bank
"Mumbai, Maharashtra",900000.0,1500000.0,IT Jobs,Wohlig Transformations Pvt Ltd
"Mumbai, Maharashtra",800000.0,1200000.0,Accounting & Finance Jobs,Talent Pro
"Mumbai, Maharashtra",,,IT Jobs,Danaher Corporation
"Mumbai, Maharashtra",360000.0,480000.0,IT Jobs,WONDRx
"Mumbai, Maharashtra",,,IT Jobs,Ion
"Mumbai, Maharashtra",,,IT Jobs,Antal International
"Mumbai, Maharashtra",200000.0,1500000.0,IT Jobs,Foyforyou
"Kurla, Mumbai",,,Admin Jobs,TechnoServe
"Mumbai, Maharashtra",,,Accounting & Finance Jobs,CSB Bank
"Mumbai, Maharashtra",,,Accounting & Finance Jobs,Citigroup
"Mumbai, Maharashtra",,,Sales Jobs,Acura Solution
"Mumbai, Maharashtra",200000.0,350000.0,IT Jobs,Media.net
"Mumbai, Maharashtra",,,IT Jobs,Morningstar
"Mumbai, Maharashtra",800000.0,1200000.0,IT Jobs,Fatakpay
"Mumbai, Maharashtra",,,IT Jobs,Three Across
"Mumbai, Maharashtra",,,Accounting & Finance Jobs,Citigroup
"Mumbai, Maharashtra",,,IT Jobs,Talisman HR Solutions
"Mumbai, Maharashtra",,,Accounting & Finance Jobs,Citigroup
"Alaknanda, South Delhi",,,Accounting & Finance Jobs,MSCI Inc.
"Mumbai, Maharashtra",,,Accounting & Finance Jobs,Morningstar
"Mumbai, Maharashtra",,,Accounting & Finance Jobs,Smart Financial Decisions Made Simple
"Mumbai, Maharashtra",,,Accounting & Finance Jobs,Morningstar
"Mumbai, Maharashtra",,,IT Jobs,Russell Investments
"Mumbai, Maharashtra",,,Accounting & Finance Jobs,Citigroup
"Mumbai, Maharashtra",,,IT Jobs,Russell Investments
"Mumbai, Maharashtra",,,IT Jobs,Colgate-Palmolive 
"Mumbai, Maharashtra",,,IT Jobs,Colgate-Palmolive
"Mumbai, Maharashtra",,,IT Jobs,JPMorganChase
"Mumbai, Maharashtra",,,IT Jobs,AQM Technologies
"Goregaon East, Mumbai",,,IT Jobs,MSCI Inc.
"Mumbai, Maharashtra",,,IT Jobs,MSCI
"Mumbai, Maharashtra",,,IT Jobs,Sia
"Mumbai, Maharashtra",,,Accounting & Finance Jobs,S&P Global
"Mumbai, Maharashtra",,,IT Jobs,Citigroup
"Mumbai, Maharashtra",400000.0,800000.0,IT Jobs,xlnc technologies
"Mumbai, Maharashtra",,,IT Jobs,Colgate-Palmolive 
"Mumbai, Maharashtra",,,IT Jobs,Datavail Infotech
"Mumbai, Maharashtra",,,IT Jobs,Colgate-Palmolive
"Mumbai, Maharashtra",,,IT Jobs,John Cockerill
"Mumbai, Maharashtra",100000.0,800000.0,IT Jobs,EduRamp Learning Services Pvt. Ltd.
"Mumbai, Maharashtra",,,IT Jobs,Acura Solution
"Mumbai, Maharashtra",500000.0,900000.0,IT Jobs,Billeasy
"Mumbai, Maharashtra",2000.0,5000.0,IT Jobs,The Fashion Enterprise
"Mumbai, Maharashtra",,,IT Jobs,Kotak Mahindra Bank
"Mumbai, Maharashtra",,,Accounting & Finance Jobs,Kotak Mahindra Bank
"Mumbai, Maharashtra",,,IT Jobs,Kotak Mahindra Bank
"Mumbai, Maharashtra",,,IT Jobs,eClerx
"Mumbai, Maharashtra",,,IT Jobs,Accelya Services India
"Mumbai, Maharashtra",,,Scientific & QA Jobs,YipitData
"Mumbai, Maharashtra",,,IT Jobs,Capgemini
"Mumbai, Maharashtra",,,IT Jobs,Ion
"Mumbai, Maharashtra",,,IT Jobs,Morningstar
"Mumbai, Maharashtra",,,IT Jobs,Acura Solution
"Mumbai, Maharashtra",,,IT Jobs,Marriott
"Mumbai, Maharashtra",250000.0,300000.0,IT Jobs,Hunarstreet Technologies Pvt Ltd
"Mumbai, Maharashtra",,,Customer Services Jobs,Acura Solution
"Mumbai, Maharashtra",,,IT Jobs,Colgate-Palmolive 
"Mumbai, Maharashtra",,,IT Jobs,Wissen Technology
"Mumbai, Maharashtra",,,Accounting & Finance Jobs,Acura Solution
"Mumbai, Maharashtra",,,IT Jobs,Acura Solution
"Mumbai, Maharashtra",,,IT Jobs,Morningstar
"Mumbai, Maharashtra",1200000.0,1800000.0,IT Jobs,Truebil.com
"Mumbai, Maharashtra",,,IT Jobs,Citigroup
"Goregaon East, Mumbai",,,IT Jobs,PricewaterhouseCoopers
"Mumbai, Maharashtra",,,IT Jobs,Morningstar
"Mumbai, Maharashtra",,,Consultancy Jobs,Black & Veatch
"Mumbai, Maharashtra",,,IT Jobs,Morningstar
"Mumbai, Maharashtra",1500000.0,2500000.0,IT Jobs,The Sleep Company
"Mumbai, Maharashtra",,,Sales Jobs,Amazon
"Mumbai, Maharashtra",,,IT Jobs,Morningstar
"Mumbai, Maharashtra",,,IT Jobs,Bloomberg
"Mumbai, Maharashtra",300000.0,1200000.0,"PR, Advertising & Marketing Jobs",Impact Guru
"Mumbai, Maharashtra",,,IT Jobs,Morningstar
"Mumbai, Maharashtra",,,IT Jobs,eClerx
"Mumbai, Maharashtra",,,Admin Jobs,Cognizant
"Mumbai, Maharashtra",3800000.0,5000000.0,"PR, Advertising & Marketing Jobs",Peak Hire Solutions
"Mumbai, Maharashtra",2500000.0,4000000.0,IT Jobs,Peak Hire Solutions
"Mumbai, Maharashtra",3800000.0,5000000.0,IT Jobs,TalentXO
"Mumbai, Maharashtra",,,IT Jobs,Burns & McDonnell
"Mumbai, Maharashtra",,,IT Jobs,Version 1
"Mulund West, Mumbai",,,IT Jobs,ScatterPie Analytics Private Limited
"Dadar, Mumbai",,,IT Jobs,Evnek Technologies Pvt Ltd
"Mumbai, Maharashtra",,,IT Jobs,Colgate-Palmolive
"Mumbai, Maharashtra",1200000.0,3000000.0,IT Jobs,Qrata
"Mumbai, Maharashtra",4000000.0,6000000.0,IT Jobs,The Sleep Company
"Mumbai, Maharashtra",,,IT Jobs,Abbott
"Mumbai, Maharashtra",,,Engineering Jobs,Blenheim Chalcot India
"Mumbai, Maharashtra",,,IT Jobs,Datavail Infotech
"Mumbai, Maharashtra",,,IT Jobs,Datavail Infotech
"Mumbai, Maharashtra",500000.0,700000.0,IT Jobs,Fundnel Pte Ltd
"Mumbai, Maharashtra",,,IT Jobs,Morningstar
"Mumbai, Maharashtra",,,IT Jobs,Merito
"Mumbai, Maharashtra",,,IT Jobs,Credilio Financial Technologies Pvt. Ltd.
"Mumbai, Maharashtra",,,IT Jobs,Morningstar
"Mumbai, Maharashtra",,,IT Jobs,Morningstar
"Mumbai, Maharashtra",,,IT Jobs,Searce Inc
"Mumbai, Maharashtra",400000.0,1000000.0,"PR, Advertising & Marketing Jobs",Impact Guru
"Mumbai, Maharashtra",700000.0,1200000.0,IT Jobs,Growisto
"Mumbai, Maharashtra",1500000.0,2300000.0,IT Jobs,Qrata
"Mumbai, Maharashtra",700000.0,1500000.0,Sales Jobs,Growisto
"Mumbai, Maharashtra",,,IT Jobs,Deutsche Bank
"Mumbai, Maharashtra",300000.0,1000000.0,IT Jobs,Adsremedy Media LLP
"Mumbai, Maharashtra",,,IT Jobs,Morningstar
"Mumbai, Maharashtra",,,IT Jobs,Godrej Properties
"Mumbai, Maharashtra",,,IT Jobs,Godrej Foods
"Mumbai, Maharashtra",,,Accounting & Finance Jobs,Morningstar
"Mumbai, Maharashtra",,,IT Jobs,Essar Global Fund
"Mumbai, Maharashtra",,,Accounting & Finance Jobs,Citigroup
"Mumbai, Maharashtra",700000.0,1200000.0,IT Jobs,Magic9 Media and Consumer Knowledge Pvt. Ltd.
"Mumbai, Maharashtra",,,IT Jobs,Morningstar
"Mumbai, Maharashtra",,,IT Jobs,Morningstar
"Mumbai, Maharashtra",,,"PR, Advertising & Marketing Jobs",Reckitt
"Mumbai, Maharashtra",,,IT Jobs,Kyndryl
"Mumbai, Maharashtra",,,IT Jobs,TIAA
"Mumbai, Maharashtra",,,IT Jobs,Datamatics Technologies
"Mumbai, Maharashtra",,,IT Jobs,Morningstar
"Mumbai, Maharashtra",450000.0,750000.0,IT Jobs,Spinnakar Analytics
"Mumbai, Maharashtra",2000000.0,2500000.0,Accounting & Finance Jobs,liquiloans
"Mumbai, Maharashtra",1500000.0,1700000.0,IT Jobs,r3 Consultant
"Mumbai, Maharashtra",400000.0,1000000.0,IT Jobs,Archcorp Architectural Engineering
"Goregaon East, Mumbai",,,IT Jobs,PricewaterhouseCoopers
"Mumbai, Maharashtra",180000.0,240000.0,Accounting & Finance Jobs,Kodo
"Mumbai, Maharashtra",,,Accounting & Finance Jobs,CSB Bank
"Mumbai, Maharashtra",400000.0,1000000.0,IT Jobs,Archcorp Architectural Engineering
"Mumbai, Maharashtra",,,IT Jobs,Experian
"Mumbai, Maharashtra",0.0,2700000.0,IT Jobs,SIlverPeople Consulting
"Mumbai, Maharashtra",,,IT Jobs,Reliance Industries Limited
"Mumbai, Maharashtra",,,IT Jobs,Ion
"Mumbai, Maharashtra",,,IT Jobs,Ion
"Mumbai, Maharashtra",,,Accounting & Finance Jobs,YipitData
"Mumbai, Maharashtra",1000000.0,2300000.0,IT Jobs,The Hub
"Mumbai, Maharashtra",1000000.0,1500000.0,IT Jobs,Ketto
"Mumbai, Maharashtra",,,IT Jobs,Mancraft Consulting
"Mumbai, Maharashtra",,,IT Jobs,Acura Solution
"Mumbai, Maharashtra",,,IT Jobs,Acura Solution
"Mumbai, Maharashtra",,,IT Jobs,Amazon
"Mumbai, Maharashtra",,,IT Jobs,Uplers
"Mumbai, Maharashtra",,,IT Jobs,AlphaSense
"Mumbai, Maharashtra",,,Accounting & Finance Jobs,Acura Solution
"Mumbai, Maharashtra",,,IT Jobs,Amazon
"Mumbai, Maharashtra",,,IT Jobs,Amazon
"Mumbai, Maharashtra",,,IT Jobs,eClerx
"Mumbai, Maharashtra",,,"PR, Advertising & Marketing Jobs",MiQ Digital Commercial
"Mumbai, Maharashtra",,,IT Jobs,Morningstar
"Mumbai, Maharashtra",,,IT Jobs,Morningstar
"Mumbai, Maharashtra",,,IT Jobs,Acura Solution
"Mumbai, Maharashtra",,,IT Jobs,Data Sutram
"Mumbai, Maharashtra",,,IT Jobs,Zealant Technologies
"Mumbai, Maharashtra",3200000.0,4200000.0,IT Jobs,Peak Hire Solutions
"Mumbai, Maharashtra",,,IT Jobs,HH Global
"Mumbai, Maharashtra",,,IT Jobs,Colgate-Palmolive
"Mumbai, Maharashtra",,,IT Jobs,NTT
"Mumbai, Maharashtra",,,IT Jobs,"NTT America, Inc."
"Goregaon East, Mumbai",,,IT Jobs,PricewaterhouseCoopers
"Mumbai, Maharashtra",,,IT Jobs,Kyndryl
"Mumbai, Maharashtra",,,IT Jobs,Amazon
"Mumbai, Maharashtra",,,IT Jobs,ISS STOXX
"Null Bazar, Mumbai",,,IT Jobs,WebEngage
"Mumbai, Maharashtra",,,Accounting & Finance Jobs,Kroll
"Mumbai, Maharashtra",,,Accounting & Finance Jobs,PJT Partners
"Mumbai, Maharashtra",,,Accounting & Finance Jobs,Houlihan Lokey
"Mumbai, Maharashtra",,,IT Jobs,"NTT America, Inc."
"Mumbai, Maharashtra",,,"PR, Advertising & Marketing Jobs",WPP Media
"Mumbai, Maharashtra",,,IT Jobs,NTT
"Mumbai, Maharashtra",,,IT Jobs,NTT
"Mumbai, Maharashtra",,,IT Jobs,"NTT America, Inc."
"Mumbai, Maharashtra",,,IT Jobs,"NTT America, Inc."
"Pune, Maharashtra",,,IT Jobs,AcquireX
"Pune, Maharashtra",,,IT Jobs,Ubisoft
"Pune, Maharashtra",,,IT Jobs,Digital Twin
"Pune, Maharashtra",,,IT Jobs,Cars24
"Pune, Maharashtra",,,IT Jobs,Cars24 Services Private Limited
"Pune, Maharashtra",0.0,800000.0,IT Jobs,Reality Premedia Services Pvt Ltd
"Pune, Maharashtra",,,IT Jobs,Cornerstone onDemand
"Pune, Maharashtra",1800000.0,2200000.0,IT Jobs,r3 Consultant
"Pune, Maharashtra",,,IT Jobs,Fusemachines
"Pune, Maharashtra",,,IT Jobs,Webkit24
"Pune, Maharashtra",,,IT Jobs,Wipzo Systech Private Limited
"Pune, Maharashtra",500000.0,1700000.0,IT Jobs,Millions Advisory
"Pune, Maharashtra",,,Admin Jobs,TechNex Technologies Private Limited
"Pune, Maharashtra",,,IT Jobs,Allime Tech Solutions
"Pune, Maharashtra",,,IT Jobs,Caratlane
"Pune, Maharashtra",,,IT Jobs,Caratlane
"Pune, Maharashtra",,,IT Jobs,Optimspace
"Pune, Maharashtra",,,IT Jobs,r3 Consultant
"Pune, Maharashtra",,,IT Jobs,Infor
"Pune, Maharashtra",,,IT Jobs,Honeywell
"Pune, Maharashtra",,,IT Jobs,RECEX
"Pune, Maharashtra",,,IT Jobs,UnitedHealth Group
"Pune, Maharashtra",100000.0,1200000.0,IT Jobs,Saama Technologies
"Pune, Maharashtra",,,Scientific & QA Jobs,Stantec
"Pune, Maharashtra",,,IT Jobs,Capco
"Pune, Maharashtra",,,Scientific & QA Jobs,Stantec
"Pune, Maharashtra",,,IT Jobs,EXL
"Yerwada, Pune",,,Manufacturing Jobs,TestHiring
"Pune, Maharashtra",,,IT Jobs,Calderys Group
"Pune, Maharashtra",,,IT Jobs,Cummins
"Pune, Maharashtra",,,"PR, Advertising & Marketing Jobs",Avalara Technologies
"Nana Peth, Pune",,,IT Jobs,Vrinda International
"Pune, Maharashtra",150000.0,200000.0,IT Jobs,We Search
"Pune, Maharashtra",,,IT Jobs,Citigroup
"Pune, Maharashtra",,,Sales Jobs,Fastly
"Pune, Maharashtra",,,IT Jobs,CDM Smith
"Pune, Maharashtra",,,IT Jobs,Gallagher Service Center LLP
"Pune, Maharashtra",,,IT Jobs,Cognyte
"Pune, Maharashtra",,,IT Jobs,Citigroup
"Pune, Maharashtra",,,IT Jobs,BMW TechWorks India
"Pune, Maharashtra",,,IT Jobs,Highrise Solutions LLP
"Pune, Maharashtra",,,IT Jobs,SAS
"Pune, Maharashtra",,,Healthcare & Nursing Jobs,
"Pune, Maharashtra",3000000.0,3200000.0,IT Jobs,Staffnixcom
"Pune, Maharashtra",,,IT Jobs,Comscore
"Pune, Maharashtra",,,IT Jobs,World Courier
"Pune, Maharashtra",,,IT Jobs,Addepar
"Pune, Maharashtra",,,Accounting & Finance Jobs,Addepar
"Pune, Maharashtra",,,IT Jobs,Honeywell
"Pune, Maharashtra",,,Accounting & Finance Jobs,NielsenIQ
"Pune, Maharashtra",,,IT Jobs,APEXX Global
"Pune, Maharashtra",,,IT Jobs,Citigroup
"Pune, Maharashtra",,,IT Jobs,Wissen Technology
"Pune, Maharashtra",,,IT Jobs,METRO Global Solution Center IN
"Sasanenagar, Pune",,,Scientific & QA Jobs,MRO Careers
"Pune, Maharashtra",,,IT Jobs,AllianceBernstein LP
"Pune, Maharashtra",,,Accounting & Finance Jobs,Danfoss
"Pune, Maharashtra",,,IT Jobs,EXL
"Pune, Maharashtra",,,IT Jobs,Zensar
"Pune, Maharashtra",,,Accounting & Finance Jobs,Citigroup
"Pune, Maharashtra",,,IT Jobs,Evnek
"Sasanenagar, Pune",,,Healthcare & Nursing Jobs,MRO Careers
"Sasanenagar, Pune",,,Scientific & QA Jobs,MRO Careers
"Pune, Maharashtra",1700000.0,2100000.0,IT Jobs,Talent Pro
"Pune, Maharashtra",,,IT Jobs,IntegriChain
"Pune, Maharashtra",250000.0,300000.0,IT Jobs,Skydivine Solution OPC Pvt Ltd
"Pune, Maharashtra",,,IT Jobs,Logic Planet
"Pune, Maharashtra",,,IT Jobs,EXL
"Pune, Maharashtra",,,IT Jobs,EXL
"Pune, Maharashtra",2000000.0,2300000.0,IT Jobs,Talent Pro
"Pune, Maharashtra",,,IT Jobs,Wissen Technology
"Pune, Maharashtra",,,IT Jobs,Fractal Analytics
"Pune, Maharashtra",500000.0,1500000.0,IT Jobs,Deqode
"Pune, Maharashtra",,,IT Jobs,Neal Analytics
"Pune, Maharashtra",,,IT Jobs,NICE
"Pune, Maharashtra",,,IT Jobs,Mastercard
"Pune, Maharashtra",,,IT Jobs,Mastercard
"Pune, Maharashtra",,,IT Jobs,Peoplefy Infosolutions
"Pune, Maharashtra",,,IT Jobs,Optimspace
"Pune, Maharashtra",600000.0,1200000.0,IT Jobs,ALIQAN Technologies
"Pune, Maharashtra",,,IT Jobs,Tata Communications
"Pune, Maharashtra",3000000.0,3000000.0,IT Jobs,Antal International
"Pune, Maharashtra",,,IT Jobs,Optimspace
"Pune, Maharashtra",,,IT Jobs,Princeton Software Services Pvt. Ltd.
"Pune, Maharashtra",,,IT Jobs,Black & Veatch
"Pune, Maharashtra",,,IT Jobs,Apraava Renewable Energy
"Pune, Maharashtra",900000.0,1500000.0,IT Jobs,Intellikart Ventures LLP
"Pune, Maharashtra",,,Scientific & QA Jobs,YipitData
"Baramati, Pune",,,Scientific & QA Jobs,YipitData
"Daund, Pune",,,Scientific & QA Jobs,YipitData
"Pune, Maharashtra",3000000.0,4500000.0,IT Jobs,Talent Pro
"Pune, Maharashtra",,,IT Jobs,EXL
"Pune, Maharashtra",,,IT Jobs,Capco
"Pune, Maharashtra",,,IT Jobs,Incontact
"Pune, Maharashtra",1400000.0,1500000.0,IT Jobs,TIGI HR Solution Pvt. Ltd.
"Pune, Maharashtra",,,IT Jobs,Z5
"Pune, Maharashtra",1400000.0,1900000.0,IT Jobs,Talent Pro
"Pune, Maharashtra",,,Consultancy Jobs,Black & Veatch
"Baner, Pune",,,IT Jobs,Landytech
"Pune, Maharashtra",,,IT Jobs,NielsenIQ
"Pune, Maharashtra",1700000.0,1800000.0,IT Jobs,Talent Pro
"Yerwada, Pune",,,IT Jobs,Mindpool Technologies
"Pune, Maharashtra",3000000.0,3000000.0,IT Jobs,Praveza Consultancy Private Limited
"Pune, Maharashtra",,,IT Jobs,Z5
"Pune, Maharashtra",1100000.0,2500000.0,IT Jobs,DataMetica
"Pune, Maharashtra",,,IT Jobs,Merito
"Pune, Maharashtra",,,IT Jobs,eClerx
"Pune, Maharashtra",,,Consultancy Jobs,Z5
"Pune, Maharashtra",,,IT Jobs,Incontact
"Pune, Maharashtra",,,IT Jobs,Citigroup
"Pune, Maharashtra",,,Engineering Jobs,AGCO Corporation
"Pune, Maharashtra",,,IT Jobs,AGCO Corporation
"Pune, Maharashtra",,,IT Jobs,Syngenta Group
"Pune, Maharashtra",,,IT Jobs,Iris Software
"Pune, Maharashtra",,,IT Jobs,Neal Analytics
"Pune, Maharashtra",,,IT Jobs,Diensten Tech Limited
"Pune, Maharashtra",,,IT Jobs,Capco
"N I B M, Pune",,,IT Jobs,Vanderlande Industries
"Pune, Maharashtra",,,IT Jobs,Z5
"Yerwada, Pune",,,IT Jobs,VE3
"Pune, Maharashtra",,,IT Jobs,INNOVA SOLUTIONS
"Pune, Maharashtra",1000000.0,1400000.0,IT Jobs,TalentXO
"Pune, Maharashtra",,,IT Jobs,Comscore
"Pune, Maharashtra",,,IT Jobs,Zensar Technologies
"Pune, Maharashtra",,,IT Jobs,Wissen Technology
"Pune, Maharashtra",,,IT Jobs,Wissen Technology
"Pune, Maharashtra",,,IT Jobs,Honeywell
"Pune, Maharashtra",,,IT Jobs,EXL
"Pune, Maharashtra",,,IT Jobs,Vertiv Group
"Pune, Maharashtra",2000000.0,5000000.0,IT Jobs,Kavayah People Consulting
"Pune, Maharashtra",1800000.0,2200000.0,IT Jobs,TalentXO
"Pune, Maharashtra",,,IT Jobs,Citigroup
"Pune, Maharashtra",,,IT Jobs,Citigroup
"Pune, Maharashtra",,,IT Jobs,EXL
"Pune, Maharashtra",,,IT Jobs,Wissen Technology
"Pune, Maharashtra",,,IT Jobs,BMW TechWorks India
"Pune, Maharashtra",,,IT Jobs,NICE
"Pune, Maharashtra",,,IT Jobs,Citigroup
"Pune, Maharashtra",,,IT Jobs,N Consulting Global
"Pune, Maharashtra",,,IT Jobs,Honeywell
"Pune, Maharashtra",,,IT Jobs,Weekday AI
"Pune, Maharashtra",,,Accounting & Finance Jobs,EXL
"Pune, Maharashtra",600000.0,1600000.0,IT Jobs,Multi Recruit
"Warje, Pune",,,IT Jobs,Stefanini Group
"Pune, Maharashtra",,,IT Jobs,NICE
"Vadgaon Sheri, Pune",,,IT Jobs,Air Distribution Technologies Careers
"Pune, Maharashtra",1400000.0,2600000.0,IT Jobs,Wissen Technology
"Pune, Maharashtra",,,IT Jobs,Zensar Technologies
"Pune, Maharashtra",,,IT Jobs,Hitachi Solutions
"Pune, Maharashtra",,,IT Jobs,Hitachi Solutions
"Pune, Maharashtra",,,IT Jobs,Z5
"Pune, Maharashtra",850000.0,1200000.0,IT Jobs,Wavereco Consulting LLP
"Pune, Maharashtra",300000.0,800000.0,IT Jobs,MJB Technology Solutions
"Pune, Maharashtra",,,IT Jobs,ParamInfo
"Pune, Maharashtra",,,IT Jobs,Z5
"Pune, Maharashtra",,,IT Jobs,Gruve
"Warje, Pune",,,IT Jobs,Fulcrum Digital
"Pune, Maharashtra",,,IT Jobs,Kyndryl
"Pune, Maharashtra",,,IT Jobs,Hitachi Solutions
"Pune, Maharashtra",,,IT Jobs,Brighttier Inc
"Pune, Maharashtra",,,IT Jobs,Brighttier Inc
"Pune, Maharashtra",,,IT Jobs,Citigroup
"Pune, Maharashtra",450000.0,500000.0,IT Jobs,Salt Web Technologies Pvt Ltd
"Pune, Maharashtra",300000.0,500000.0,IT Jobs,SRV Media
"Pune, Maharashtra",,,IT Jobs,Xplor
"Pune, Maharashtra",,,IT Jobs,Guidepoint
"Pune, Maharashtra",400000.0,1200000.0,IT Jobs,Infeon Tech Private Limited
"Pune, Maharashtra",500000.0,1200000.0,IT Jobs,Infeon Tech Pvt Ltd
"Pune, Maharashtra",,,Engineering Jobs,AppZen
"Pune, Maharashtra",,,IT Jobs,Brighttier Inc
"Pune, Maharashtra",,,IT Jobs,Brillio
"Pune, Maharashtra",,,IT Jobs,EXL
"Pune, Maharashtra",,,Accounting & Finance Jobs,EXL
"Pune, Maharashtra",,,Engineering Jobs,Mastercard
"Pune, Maharashtra",,,IT Jobs,Wipzo Systech Private Limited
"Pune, Maharashtra",,,IT Jobs,Capco
"Pune, Maharashtra",200000.0,900000.0,IT Jobs,LAD Solutions
"Pune, Maharashtra",,,IT Jobs,Citigroup
"Pune, Maharashtra",500000.0,1000000.0,IT Jobs,Coditation Systems
"Pune, Maharashtra",,,IT Jobs,eClerx
"Pune, Maharashtra",0.0,1000000.0,IT Jobs,Coditation Systems
"Pune, Maharashtra",,,IT Jobs,DoorDash India
"Pune, Maharashtra",,,IT Jobs,Workday inc
"Pune, Maharashtra",,,Sales Jobs,Cornerstone OnDemand
"Pune, Maharashtra",,,IT Jobs,
"Pune, Maharashtra",120000.0,180000.0,IT Jobs,Nyteco
"Pune, Maharashtra",500000.0,750000.0,IT Jobs,Nyteco
"Pune, Maharashtra",,,IT Jobs,Workday inc
"Pune, Maharashtra",,,Sales Jobs,Cornerstone onDemand
"Pune, Maharashtra",,,IT Jobs,Zensar Technologies
"Pune, Maharashtra",,,IT Jobs,Syngenta Group
"Pune, Maharashtra",,,IT Jobs,Citigroup
"Pune, Maharashtra",,,IT Jobs,Citigroup
"Pune, Maharashtra",,,IT Jobs,Allianz Commercial
"Pune, Maharashtra",,,IT Jobs,M&G Global Services
"Pune, Maharashtra",,,IT Jobs,Edwards Lifesciences
"Baner, Pune",200000.0,500000.0,IT Jobs,BizKonnect Solutions Pvt Ltd
"Pune, Maharashtra",200000.0,300000.0,IT Jobs,BizKonnect Solutions Pvt Ltd
"Pune, Maharashtra",500000.0,600000.0,IT Jobs,Aapka Doctor
"Pune, Maharashtra",1600000.0,2100000.0,IT Jobs,Talent Pro
"Pune, Maharashtra",,,IT Jobs,Zensar Technologies
"Baramati, Pune",,,Accounting & Finance Jobs,YipitData
"Daund, Pune",,,Accounting & Finance Jobs,YipitData
"Pune, Maharashtra",,,Accounting & Finance Jobs,YipitData
"Pune, Maharashtra",,,IT Jobs,Bristlecone
"Pune, Maharashtra",600000.0,1600000.0,IT Jobs,Envisionard
"Pune, Maharashtra",,,IT Jobs,Z5
"Pune, Maharashtra",100000.0,300000.0,IT Jobs,BizKonnect Solutions Pvt Ltd
"Pune, Maharashtra",,,"PR, Advertising & Marketing Jobs",eClerx
"Pune, Maharashtra",,,IT Jobs,Peoplefy Infosolutions
"Pune, Maharashtra",,,IT Jobs,Amazon
"Pune, Maharashtra",,,IT Jobs,Convera
"Pune, Maharashtra",,,IT Jobs,Guidepoint
"Pune, Maharashtra",0.0,1500000.0,IT Jobs,Envisionard
"Pune, Maharashtra",,,IT Jobs,Amazon
"Pune, Maharashtra",,,IT Jobs,Amazon
"Pune, Maharashtra",,,IT Jobs,eClerx
"Pune, Maharashtra",500000.0,610000.0,IT Jobs,Peak Hire Solutions
"Pune, Maharashtra",,,IT Jobs,Peoplefy Infosolutions
"Pune, Maharashtra",,,HR & Recruitment Jobs,TopGear Consultants Private Limited
"Pune, Maharashtra",500000.0,1200000.0,IT Jobs,Unnati
"Pune, Maharashtra",,,Accounting & Finance Jobs,AllianceBernstein LP
"Pune, Maharashtra",,,Accounting & Finance Jobs,World Courier
"Pune, Maharashtra",,,IT Jobs,World Courier
"Pune, Maharashtra",120000.0,180000.0,Sales Jobs,Source One
"Pune, Maharashtra",,,Accounting & Finance Jobs,Citigroup
"Pune, Maharashtra",,,IT Jobs,Mastercard
"Pune, Maharashtra",,,IT Jobs,Zensar Technologies
"Pune, Maharashtra",,,IT Jobs,Boomi Software
"Pune, Maharashtra",,,IT Jobs,AArete
"Pune, Maharashtra",,,IT Jobs,Mufg Pension Market Services
"Pune, Maharashtra",,,IT Jobs,Evolent Health
"Pune, Maharashtra",,,IT Jobs,LTM
"Pune, Maharashtra",,,IT Jobs,Edwards Lifesciences
"Pune, Maharashtra",,,IT Jobs,Davies
"Pune, Maharashtra",,,IT Jobs,Amazon
"Pune, Maharashtra",,,IT Jobs,CrowdStrike
"Pune, Maharashtra",,,IT Jobs,Mastercard
"Pune, Maharashtra",,,IT Jobs,M&G Global Services
"Pune, Maharashtra",,,IT Jobs,OpenGov
"Pune, Maharashtra",,,IT Jobs,Quorum Software
